,timestamp,temperature,relative_humidity,pressure,rainfall,wind_direction,wind_speed
0,2025-04-04T00:00:00,24.9,97,974.36,0.0,57,0.7
1,2025-04-04T01:00:00,24.6,98,974.03,0.0,39,0.4
2,2025-04-04T02:00:00,24.5,97,973.09,0.0,44,0.5
3,2025-04-04T03:00:00,24.5,94,972.63,0.0,42,0.4
4,2025-04-04T04:00:00,24.7,91,973.04,0.0,31,0.1
5,2025-04-04T05:00:00,24.6,91,973.54,0.0,356,0.6
6,2025-04-04T06:00:00,23.7,85,973.88,0.0,300,0.1
7,2025-04-04T07:00:00,24.5,89,974.56,0.0,121,0.5
8,2025-04-04T08:00:00,25.7,85,975.39,0.0,177,0.6
9,2025-04-04T09:00:00,27.4,76,975.47,0.0,225,0.9
10,2025-04-04T10:00:00,28.1,73,975.18,0.0,189,0.9
11,2025-04-04T11:00:00,29.5,69,974.49,0.0,211,1.4
12,2025-04-04T12:00:00,30.0,67,973.34,0.0,217,1.8
13,2025-04-04T13:00:00,27.1,84,972.39,3.62,345,2.1
14,2025-04-04T14:00:00,27.8,80,970.79,1.32,323,1.8
15,2025-04-04T15:00:00,27.3,81,970.31,2.12,316,1.5
16,2025-04-04T16:00:00,27.1,79,970.54,0.85,289,1.5
17,2025-04-04T17:00:00,26.2,85,970.95,0.47,278,1.5
18,2025-04-04T18:00:00,24.9,91,971.98,0.84,329,1.3
19,2025-04-04T19:00:00,24.2,95,973.08,2.77,118,0.4
20,2025-04-04T20:00:00,23.8,99,974.12,1.91,94,1.1
21,2025-04-04T21:00:00,23.0,99,975.04,3.17,77,1.8
22,2025-04-04T22:00:00,23.1,99,975.27,0.64,87,1.7
23,2025-04-04T23:00:00,23.1,99,974.7,0.0,93,1.1
24,2025-04-05T00:00:00,23.0,100,974.0,0.0,68,0.5
25,2025-04-05T01:00:00,22.9,100,973.08,0.0,311,0.1
26,2025-04-05T02:00:00,22.8,98,972.46,0.0,344,0.6
27,2025-04-05T03:00:00,22.8,98,972.02,0.0,0,0.5
28,2025-04-05T04:00:00,22.6,97,971.92,0.0,14,0.3
29,2025-04-05T05:00:00,22.8,97,972.33,0.0,51,0.5
30,2025-04-05T06:00:00,22.8,97,972.96,0.0,80,0.6
31,2025-04-05T07:00:00,23.9,94,973.73,0.0,115,0.4
32,2025-04-05T08:00:00,25.0,90,974.58,0.0,165,0.5
33,2025-04-05T09:00:00,26.7,81,975.17,0.0,209,0.7
34,2025-04-05T10:00:00,27.9,77,975.09,0.0,217,1.1
35,2025-04-05T11:00:00,29.2,72,974.43,0.0,213,1.6
36,2025-04-05T12:00:00,29.7,70,973.35,0.44,225,1.4
37,2025-04-05T13:00:00,27.5,81,972.19,1.2,238,1.6
38,2025-04-05T14:00:00,26.8,83,971.24,2.72,267,1.2
39,2025-04-05T15:00:00,27.4,77,970.55,0.49,312,0.5
40,2025-04-05T16:00:00,27.0,78,970.21,0.0,267,1.5
41,2025-04-05T17:00:00,26.5,81,970.47,0.0,288,1.7
42,2025-04-05T18:00:00,25.5,87,971.33,0.0,295,0.9
43,2025-04-05T19:00:00,24.9,90,972.09,0.0,332,0.8
44,2025-04-05T20:00:00,24.6,93,973.03,0.0,19,0.6
45,2025-04-05T21:00:00,24.2,94,973.7,0.0,83,0.4
46,2025-04-05T22:00:00,23.9,97,973.94,0.0,91,0.4
47,2025-04-05T23:00:00,23.6,98,974.12,0.0,70,1.1
48,2025-04-06T00:00:00,23.4,98,973.08,0.0,55,0.6
49,2025-04-06T01:00:00,23.2,99,972.54,0.0,47,0.4
50,2025-04-06T02:00:00,23.0,98,971.48,0.0,22,0.3
51,2025-04-06T03:00:00,23.1,96,970.79,0.0,346,0.2
52,2025-04-06T04:00:00,23.2,95,970.85,0.0,337,0.0
53,2025-04-06T05:00:00,23.0,96,971.23,0.0,60,0.4
54,2025-04-06T06:00:00,23.0,96,971.82,0.0,73,0.5
55,2025-04-06T07:00:00,24.7,92,972.48,0.0,87,0.4
56,2025-04-06T08:00:00,26.3,83,973.23,0.0,225,0.7
57,2025-04-06T09:00:00,27.8,76,973.84,0.0,243,1.2
58,2025-04-06T10:00:00,29.2,71,973.54,0.0,257,1.3
59,2025-04-06T11:00:00,30.2,67,973.05,0.0,251,2.0
60,2025-04-06T12:00:00,29.0,72,972.13,0.77,287,1.9
61,2025-04-06T13:00:00,27.7,76,970.89,1.21,336,1.7
62,2025-04-06T14:00:00,26.2,81,970.34,3.92,352,2.9
63,2025-04-06T15:00:00,27.2,77,969.88,0.0,337,1.3
64,2025-04-06T16:00:00,27.1,78,969.65,0.0,333,1.5
65,2025-04-06T17:00:00,26.2,83,970.1,0.54,224,0.6
66,2025-04-06T18:00:00,25.2,91,970.68,0.0,93,0.1
67,2025-04-06T19:00:00,24.6,96,971.78,0.0,9,0.4
68,2025-04-06T20:00:00,24.4,97,972.4,0.0,28,0.3
69,2025-04-06T21:00:00,24.1,97,973.11,0.0,83,0.7
70,2025-04-06T22:00:00,24.0,98,973.29,0.0,82,0.6
71,2025-04-06T23:00:00,23.9,97,973.4,0.0,98,0.7
72,2025-04-07T00:00:00,23.8,98,972.78,0.0,98,1.1
73,2025-04-07T01:00:00,23.7,98,972.08,0.0,103,1.6
74,2025-04-07T02:00:00,23.6,98,971.21,0.0,62,0.7
75,2025-04-07T03:00:00,23.4,98,970.53,0.0,52,0.4
76,2025-04-07T04:00:00,23.4,97,970.38,0.0,96,0.1
77,2025-04-07T05:00:00,23.3,97,970.81,0.0,304,0.2
78,2025-04-07T06:00:00,23.5,96,971.72,0.0,271,0.1
79,2025-04-07T07:00:00,24.7,93,972.28,0.0,158,0.6
80,2025-04-07T08:00:00,26.2,86,973.04,0.0,203,0.8
81,2025-04-07T09:00:00,27.8,79,973.16,0.0,232,1.2
82,2025-04-07T10:00:00,29.2,71,972.73,0.0,255,1.8
83,2025-04-07T11:00:00,30.1,67,971.98,0.0,258,1.8
84,2025-04-07T12:00:00,30.6,64,970.94,0.0,258,1.8
85,2025-04-07T13:00:00,31.1,62,969.91,0.0,248,1.8
86,2025-04-07T14:00:00,31.6,59,968.87,0.0,248,1.9
87,2025-04-07T15:00:00,30.6,65,968.84,0.0,248,2.1
88,2025-04-07T16:00:00,29.7,70,968.82,0.0,269,2.4
89,2025-04-07T17:00:00,28.8,75,968.79,0.0,269,2.7
90,2025-04-07T18:00:00,27.8,80,969.87,0.0,269,2.4
91,2025-04-07T19:00:00,26.9,85,970.94,0.0,308,2.1
92,2025-04-07T20:00:00,25.9,90,972.02,0.0,308,1.7
93,2025-04-07T21:00:00,25.6,92,972.33,0.0,308,1.4
94,2025-04-07T22:00:00,25.3,93,972.63,0.0,334,1.1
95,2025-04-07T23:00:00,25.0,94,972.94,0.0,334,0.8
96,2025-04-08T00:00:00,24.7,95,972.32,0.0,334,0.9
97,2025-04-08T01:00:00,24.4,95,971.7,0.0,8,1.0
98,2025-04-08T02:00:00,24.1,96,971.08,0.0,8,1.0
99,2025-04-08T03:00:00,24.0,96,971.07,0.0,8,0.7
100,2025-04-08T04:00:00,23.8,96,971.07,0.0,29,0.5
101,2025-04-08T05:00:00,23.7,95,971.06,0.0,29,0.2
102,2025-04-08T06:00:00,24.9,91,971.74,0.0,29,0.4
103,2025-04-08T07:00:00,26.0,86,972.42,0.0,157,0.6
104,2025-04-08T08:00:00,27.2,82,973.1,0.0,157,0.9
105,2025-04-08T09:00:00,28.2,77,972.88,0.0,157,1.2
106,2025-04-08T10:00:00,29.3,73,972.65,0.0,209,1.5
107,2025-04-08T11:00:00,30.3,68,972.43,0.0,209,1.8
108,2025-04-08T12:00:00,30.7,67,971.49,0.0,209,2.0
109,2025-04-08T13:00:00,31.0,65,970.54,0.0,248,2.2
110,2025-04-08T14:00:00,31.4,63,969.6,0.0,248,2.3
111,2025-04-08T15:00:00,30.2,69,969.63,0.0,248,2.8
112,2025-04-08T16:00:00,29.0,75,969.67,0.4,299,3.2
113,2025-04-08T17:00:00,27.8,81,969.7,0.4,299,3.7
114,2025-04-08T18:00:00,27.2,83,970.68,0.4,299,3.2
115,2025-04-08T19:00:00,26.6,85,971.66,0.0,326,2.6
116,2025-04-08T20:00:00,26.0,88,972.64,0.0,326,2.1
117,2025-04-08T21:00:00,25.4,91,973.15,0.0,326,1.7
118,2025-04-08T22:00:00,24.9,94,973.67,0.69,126,1.4
119,2025-04-08T23:00:00,24.3,98,974.18,0.69,126,1.1
